"ysp","country","iso2c","iso3c","date","pop","pop_int"
2011,"Austria","AT","AUT","2011",8391643,8391643
2011.5,"Austria",NA,NA,NA,NA,8410817
2012,"Austria","AT","AUT","2012",8429991,8429991
2012.5,"Austria",NA,NA,NA,NA,8454907
2013,"Austria","AT","AUT","2013",8479823,8479823
2013.5,"Austria",NA,NA,NA,NA,8513089.5
2014,"Austria","AT","AUT","2014",8546356,8546356
2014.5,"Austria",NA,NA,NA,NA,8594527.5
2015,"Austria","AT","AUT","2015",8642699,8642699
2015.5,"Austria",NA,NA,NA,NA,8689683.5
2016,"Austria","AT","AUT","2016",8736668,8736668
2016.5,"Austria",NA,NA,NA,NA,8767117
2017,"Austria","AT","AUT","2017",8797566,8797566
2017.5,"Austria",NA,NA,NA,NA,8819043.5
2018,"Austria","AT","AUT","2018",8840521,8840521
2018.5,"Austria",NA,NA,NA,NA,8860220.5
2019,"Austria","AT","AUT","2019",8879920,8879920
2019.5,"Austria",NA,NA,NA,NA,8898392
2020,"Austria","AT","AUT","2020",8916864,8916864
2020.5,"Austria",NA,NA,NA,NA,8936330.5
2021,"Austria","AT","AUT","2021",8955797,8955797
2021.5,"Austria",NA,NA,NA,NA,8998824
2022,"Austria","AT","AUT","2022",9041851,9041851
2022.5,"Austria",NA,NA,NA,NA,9073311.5
2023,"Austria","AT","AUT","2023",9104772,9104772
2011,"Belgium","BE","BEL","2011",11038264,11038264
2011.5,"Belgium",NA,NA,NA,NA,11072598
2012,"Belgium","BE","BEL","2012",11106932,11106932
2012.5,"Belgium",NA,NA,NA,NA,11133169.5
2013,"Belgium","BE","BEL","2013",11159407,11159407
2013.5,"Belgium",NA,NA,NA,NA,11184232
2014,"Belgium","BE","BEL","2014",11209057,11209057
2014.5,"Belgium",NA,NA,NA,NA,11241626.5
2015,"Belgium","BE","BEL","2015",11274196,11274196
2015.5,"Belgium",NA,NA,NA,NA,11302809
2016,"Belgium","BE","BEL","2016",11331422,11331422
2016.5,"Belgium",NA,NA,NA,NA,11353290
2017,"Belgium","BE","BEL","2017",11375158,11375158
2017.5,"Belgium",NA,NA,NA,NA,11401106
2018,"Belgium","BE","BEL","2018",11427054,11427054
2018.5,"Belgium",NA,NA,NA,NA,11458017
2019,"Belgium","BE","BEL","2019",11488980,11488980
2019.5,"Belgium",NA,NA,NA,NA,11513792
2020,"Belgium","BE","BEL","2020",11538604,11538604
2020.5,"Belgium",NA,NA,NA,NA,11562399.5
2021,"Belgium","BE","BEL","2021",11586195,11586195
2021.5,"Belgium",NA,NA,NA,NA,11636004.5
2022,"Belgium","BE","BEL","2022",11685814,11685814
2022.5,"Belgium",NA,NA,NA,NA,11714305
2023,"Belgium","BE","BEL","2023",11742796,11742796
2011,"Bulgaria","BG","BGR","2011",7348328,7348328
2011.5,"Bulgaria",NA,NA,NA,NA,7327108
2012,"Bulgaria","BG","BGR","2012",7305888,7305888
2012.5,"Bulgaria",NA,NA,NA,NA,7285501.5
2013,"Bulgaria","BG","BGR","2013",7265115,7265115
2013.5,"Bulgaria",NA,NA,NA,NA,7244526.5
2014,"Bulgaria","BG","BGR","2014",7223938,7223938
2014.5,"Bulgaria",NA,NA,NA,NA,7200964.5
2015,"Bulgaria","BG","BGR","2015",7177991,7177991
2015.5,"Bulgaria",NA,NA,NA,NA,7152906.5
2016,"Bulgaria","BG","BGR","2016",7127822,7127822
2016.5,"Bulgaria",NA,NA,NA,NA,7101884.5
2017,"Bulgaria","BG","BGR","2017",7075947,7075947
2017.5,"Bulgaria",NA,NA,NA,NA,7050492
2018,"Bulgaria","BG","BGR","2018",7025037,7025037
2018.5,"Bulgaria",NA,NA,NA,NA,7000399
2019,"Bulgaria","BG","BGR","2019",6975761,6975761
2019.5,"Bulgaria",NA,NA,NA,NA,6954888
2020,"Bulgaria","BG","BGR","2020",6934015,6934015
2020.5,"Bulgaria",NA,NA,NA,NA,6905879
2021,"Bulgaria","BG","BGR","2021",6877743,6877743
2021.5,"Bulgaria",NA,NA,NA,NA,6671420
2022,"Bulgaria","BG","BGR","2022",6465097,6465097
2022.5,"Bulgaria",NA,NA,NA,NA,6456403.5
2023,"Bulgaria","BG","BGR","2023",6447710,6447710
2011,"Cyprus","CY","CYP","2011",1145086,1145086
2011.5,"Cyprus",NA,NA,NA,NA,1150821
2012,"Cyprus","CY","CYP","2012",1156556,1156556
2012.5,"Cyprus",NA,NA,NA,NA,1161762
2013,"Cyprus","CY","CYP","2013",1166968,1166968
2013.5,"Cyprus",NA,NA,NA,NA,1171981.5
2014,"Cyprus","CY","CYP","2014",1176995,1176995
2014.5,"Cyprus",NA,NA,NA,NA,1182137.5
2015,"Cyprus","CY","CYP","2015",1187280,1187280
2015.5,"Cyprus",NA,NA,NA,NA,1192580.5
2016,"Cyprus","CY","CYP","2016",1197881,1197881
2016.5,"Cyprus",NA,NA,NA,NA,1203202
2017,"Cyprus","CY","CYP","2017",1208523,1208523
2017.5,"Cyprus",NA,NA,NA,NA,1213677
2018,"Cyprus","CY","CYP","2018",1218831,1218831
2018.5,"Cyprus",NA,NA,NA,NA,1223833.5
2019,"Cyprus","CY","CYP","2019",1228836,1228836
2019.5,"Cyprus",NA,NA,NA,NA,1233186.5
2020,"Cyprus","CY","CYP","2020",1237537,1237537
2020.5,"Cyprus",NA,NA,NA,NA,1240862.5
2021,"Cyprus","CY","CYP","2021",1244188,1244188
2021.5,"Cyprus",NA,NA,NA,NA,1247838
2022,"Cyprus","CY","CYP","2022",1251488,1251488
2022.5,"Cyprus",NA,NA,NA,NA,1086094.5
2023,"Cyprus","CY","CYP","2023",920701,920701
2011,"Czechia","CZ","CZE","2011",10496088,10496088
2011.5,"Czechia",NA,NA,NA,NA,10503436.5
2012,"Czechia","CZ","CZE","2012",10510785,10510785
2012.5,"Czechia",NA,NA,NA,NA,10512528.5
2013,"Czechia","CZ","CZE","2013",10514272,10514272
2013.5,"Czechia",NA,NA,NA,NA,10519809.5
2014,"Czechia","CZ","CZE","2014",10525347,10525347
2014.5,"Czechia",NA,NA,NA,NA,10535703
2015,"Czechia","CZ","CZE","2015",10546059,10546059
2015.5,"Czechia",NA,NA,NA,NA,10556195.5
2016,"Czechia","CZ","CZE","2016",10566332,10566332
2016.5,"Czechia",NA,NA,NA,NA,10580385
2017,"Czechia","CZ","CZE","2017",10594438,10594438
2017.5,"Czechia",NA,NA,NA,NA,10612183
2018,"Czechia","CZ","CZE","2018",10629928,10629928
2018.5,"Czechia",NA,NA,NA,NA,10650899
2019,"Czechia","CZ","CZE","2019",10671870,10671870
2019.5,"Czechia",NA,NA,NA,NA,10684864
2020,"Czechia","CZ","CZE","2020",10697858,10697858
2020.5,"Czechia",NA,NA,NA,NA,10601815
2021,"Czechia","CZ","CZE","2021",10505772,10505772
2021.5,"Czechia",NA,NA,NA,NA,10588945
2022,"Czechia","CZ","CZE","2022",10672118,10672118
2022.5,"Czechia",NA,NA,NA,NA,10749823.5
2023,"Czechia","CZ","CZE","2023",10827529,10827529
2011,"Germany","DE","DEU","2011",80274983,80274983
2011.5,"Germany",NA,NA,NA,NA,80350403
2012,"Germany","DE","DEU","2012",80425823,80425823
2012.5,"Germany",NA,NA,NA,NA,80535714
2013,"Germany","DE","DEU","2013",80645605,80645605
2013.5,"Germany",NA,NA,NA,NA,80814052.5
2014,"Germany","DE","DEU","2014",80982500,80982500
2014.5,"Germany",NA,NA,NA,NA,81334555.5
2015,"Germany","DE","DEU","2015",81686611,81686611
2015.5,"Germany",NA,NA,NA,NA,82017640
2016,"Germany","DE","DEU","2016",82348669,82348669
2016.5,"Germany",NA,NA,NA,NA,82502835.5
2017,"Germany","DE","DEU","2017",82657002,82657002
2017.5,"Germany",NA,NA,NA,NA,82781392
2018,"Germany","DE","DEU","2018",82905782,82905782
2018.5,"Germany",NA,NA,NA,NA,82999372
2019,"Germany","DE","DEU","2019",83092962,83092962
2019.5,"Germany",NA,NA,NA,NA,83126916.5
2020,"Germany","DE","DEU","2020",83160871,83160871
2020.5,"Germany",NA,NA,NA,NA,83178474.5
2021,"Germany","DE","DEU","2021",83196078,83196078
2021.5,"Germany",NA,NA,NA,NA,83497031.5
2022,"Germany","DE","DEU","2022",83797985,83797985
2022.5,"Germany",NA,NA,NA,NA,84078415
2023,"Germany","DE","DEU","2023",84358845,84358845
2011,"Denmark","DK","DNK","2011",5570572,5570572
2011.5,"Denmark",NA,NA,NA,NA,5581072
2012,"Denmark","DK","DNK","2012",5591572,5591572
2012.5,"Denmark",NA,NA,NA,NA,5603252
2013,"Denmark","DK","DNK","2013",5614932,5614932
2013.5,"Denmark",NA,NA,NA,NA,5629203.5
2014,"Denmark","DK","DNK","2014",5643475,5643475
2014.5,"Denmark",NA,NA,NA,NA,5663479
2015,"Denmark","DK","DNK","2015",5683483,5683483
2015.5,"Denmark",NA,NA,NA,NA,5705746.5
2016,"Denmark","DK","DNK","2016",5728010,5728010
2016.5,"Denmark",NA,NA,NA,NA,5746495
2017,"Denmark","DK","DNK","2017",5764980,5764980
2017.5,"Denmark",NA,NA,NA,NA,5779308
2018,"Denmark","DK","DNK","2018",5793636,5793636
2018.5,"Denmark",NA,NA,NA,NA,5804029
2019,"Denmark","DK","DNK","2019",5814422,5814422
2019.5,"Denmark",NA,NA,NA,NA,5822913
2020,"Denmark","DK","DNK","2020",5831404,5831404
2020.5,"Denmark",NA,NA,NA,NA,5844068.5
2021,"Denmark","DK","DNK","2021",5856733,5856733
2021.5,"Denmark",NA,NA,NA,NA,5879885
2022,"Denmark","DK","DNK","2022",5903037,5903037
2022.5,"Denmark",NA,NA,NA,NA,5917845.5
2023,"Denmark","DK","DNK","2023",5932654,5932654
2011,"Spain","ES","ESP","2011",46742697,46742697
2011.5,"Spain",NA,NA,NA,NA,46757876
2012,"Spain","ES","ESP","2012",46773055,46773055
2012.5,"Spain",NA,NA,NA,NA,46696550
2013,"Spain","ES","ESP","2013",46620045,46620045
2013.5,"Spain",NA,NA,NA,NA,46550463.5
2014,"Spain","ES","ESP","2014",46480882,46480882
2014.5,"Spain",NA,NA,NA,NA,46462857
2015,"Spain","ES","ESP","2015",46444832,46444832
2015.5,"Spain",NA,NA,NA,NA,46464447
2016,"Spain","ES","ESP","2016",46484062,46484062
2016.5,"Spain",NA,NA,NA,NA,46538649
2017,"Spain","ES","ESP","2017",46593236,46593236
2017.5,"Spain",NA,NA,NA,NA,46695495
2018,"Spain","ES","ESP","2018",46797754,46797754
2018.5,"Spain",NA,NA,NA,NA,46966295.5
2019,"Spain","ES","ESP","2019",47134837,47134837
2019.5,"Spain",NA,NA,NA,NA,47250246
2020,"Spain","ES","ESP","2020",47365655,47365655
2020.5,"Spain",NA,NA,NA,NA,47390724.5
2021,"Spain","ES","ESP","2021",47415794,47415794
2021.5,"Spain",NA,NA,NA,NA,47597067
2022,"Spain","ES","ESP","2022",47778340,47778340
2022.5,"Spain",NA,NA,NA,NA,47931850.5
2023,"Spain","ES","ESP","2023",48085361,48085361
2011,"Estonia","EE","EST","2011",1327439,1327439
2011.5,"Estonia",NA,NA,NA,NA,1325067.5
2012,"Estonia","EE","EST","2012",1322696,1322696
2012.5,"Estonia",NA,NA,NA,NA,1320346.5
2013,"Estonia","EE","EST","2013",1317997,1317997
2013.5,"Estonia",NA,NA,NA,NA,1316271
2014,"Estonia","EE","EST","2014",1314545,1314545
2014.5,"Estonia",NA,NA,NA,NA,1314976
2015,"Estonia","EE","EST","2015",1315407,1315407
2015.5,"Estonia",NA,NA,NA,NA,1315598.5
2016,"Estonia","EE","EST","2016",1315790,1315790
2016.5,"Estonia",NA,NA,NA,NA,1316587
2017,"Estonia","EE","EST","2017",1317384,1317384
2017.5,"Estonia",NA,NA,NA,NA,1319680.5
2018,"Estonia","EE","EST","2018",1321977,1321977
2018.5,"Estonia",NA,NA,NA,NA,1324437.5
2019,"Estonia","EE","EST","2019",1326898,1326898
2019.5,"Estonia",NA,NA,NA,NA,1328210
2020,"Estonia","EE","EST","2020",1329522,1329522
2020.5,"Estonia",NA,NA,NA,NA,1330227
2021,"Estonia","EE","EST","2021",1330932,1330932
2021.5,"Estonia",NA,NA,NA,NA,1339886
2022,"Estonia","EE","EST","2022",1348840,1348840
2022.5,"Estonia",NA,NA,NA,NA,1357362
2023,"Estonia","EE","EST","2023",1365884,1365884
2011,"Finland","FI","FIN","2011",5388272,5388272
2011.5,"Finland",NA,NA,NA,NA,5401121.5
2012,"Finland","FI","FIN","2012",5413971,5413971
2012.5,"Finland",NA,NA,NA,NA,5426471.5
2013,"Finland","FI","FIN","2013",5438972,5438972
2013.5,"Finland",NA,NA,NA,NA,5450242
2014,"Finland","FI","FIN","2014",5461512,5461512
2014.5,"Finland",NA,NA,NA,NA,5470521.5
2015,"Finland","FI","FIN","2015",5479531,5479531
2015.5,"Finland",NA,NA,NA,NA,5487417
2016,"Finland","FI","FIN","2016",5495303,5495303
2016.5,"Finland",NA,NA,NA,NA,5501758.5
2017,"Finland","FI","FIN","2017",5508214,5508214
2017.5,"Finland",NA,NA,NA,NA,5511869.5
2018,"Finland","FI","FIN","2018",5515525,5515525
2018.5,"Finland",NA,NA,NA,NA,5518565.5
2019,"Finland","FI","FIN","2019",5521606,5521606
2019.5,"Finland",NA,NA,NA,NA,5525574.5
2020,"Finland","FI","FIN","2020",5529543,5529543
2020.5,"Finland",NA,NA,NA,NA,5535280
2021,"Finland","FI","FIN","2021",5541017,5541017
2021.5,"Finland",NA,NA,NA,NA,5548561.5
2022,"Finland","FI","FIN","2022",5556106,5556106
2022.5,"Finland",NA,NA,NA,NA,5560038
2023,"Finland","FI","FIN","2023",5563970,5563970
2011,"France","FR","FRA","2011",65345233,65345233
2011.5,"France",NA,NA,NA,NA,65503736.5
2012,"France","FR","FRA","2012",65662240,65662240
2012.5,"France",NA,NA,NA,NA,65832264.5
2013,"France","FR","FRA","2013",66002289,66002289
2013.5,"France",NA,NA,NA,NA,66157178
2014,"France","FR","FRA","2014",66312067,66312067
2014.5,"France",NA,NA,NA,NA,66430169.5
2015,"France","FR","FRA","2015",66548272,66548272
2015.5,"France",NA,NA,NA,NA,66636188
2016,"France","FR","FRA","2016",66724104,66724104
2016.5,"France",NA,NA,NA,NA,66821062
2017,"France","FR","FRA","2017",66918020,66918020
2017.5,"France",NA,NA,NA,NA,67038184
2018,"France","FR","FRA","2018",67158348,67158348
2018.5,"France",NA,NA,NA,NA,67273174.5
2019,"France","FR","FRA","2019",67388001,67388001
2019.5,"France",NA,NA,NA,NA,67479554
2020,"France","FR","FRA","2020",67571107,67571107
2020.5,"France",NA,NA,NA,NA,67667705.5
2021,"France","FR","FRA","2021",67764304,67764304
2021.5,"France",NA,NA,NA,NA,67867807.5
2022,"France","FR","FRA","2022",67971311,67971311
2022.5,"France",NA,NA,NA,NA,68072144
2023,"France","FR","FRA","2023",68172977,68172977
2011,"United Kingdom","GB","GBR","2011",63258810,63258810
2011.5,"United Kingdom",NA,NA,NA,NA,63479512.5
2012,"United Kingdom","GB","GBR","2012",63700215,63700215
2012.5,"United Kingdom",NA,NA,NA,NA,63914244
2013,"United Kingdom","GB","GBR","2013",64128273,64128273
2013.5,"United Kingdom",NA,NA,NA,NA,64365285.5
2014,"United Kingdom","GB","GBR","2014",64602298,64602298
2014.5,"United Kingdom",NA,NA,NA,NA,64859258.5
2015,"United Kingdom","GB","GBR","2015",65116219,65116219
2015.5,"United Kingdom",NA,NA,NA,NA,65363906
2016,"United Kingdom","GB","GBR","2016",65611593,65611593
2016.5,"United Kingdom",NA,NA,NA,NA,65835226
2017,"United Kingdom","GB","GBR","2017",66058859,66058859
2017.5,"United Kingdom",NA,NA,NA,NA,66259601.5
2018,"United Kingdom","GB","GBR","2018",66460344,66460344
2018.5,"United Kingdom",NA,NA,NA,NA,66648335.5
2019,"United Kingdom","GB","GBR","2019",66836327,66836327
2019.5,"United Kingdom",NA,NA,NA,NA,66958780.5
2020,"United Kingdom","GB","GBR","2020",67081234,67081234
2020.5,"United Kingdom",NA,NA,NA,NA,67053763
2021,"United Kingdom","GB","GBR","2021",67026292,67026292
2021.5,"United Kingdom",NA,NA,NA,NA,66998843.5
2022,"United Kingdom","GB","GBR","2022",66971395,66971395
2011,"Greece","GR","GRC","2011",11104899,11104899
2011.5,"Greece",NA,NA,NA,NA,11074955
2012,"Greece","GR","GRC","2012",11045011,11045011
2012.5,"Greece",NA,NA,NA,NA,11005111
2013,"Greece","GR","GRC","2013",10965211,10965211
2013.5,"Greece",NA,NA,NA,NA,10928812
2014,"Greece","GR","GRC","2014",10892413,10892413
2014.5,"Greece",NA,NA,NA,NA,10856648
2015,"Greece","GR","GRC","2015",10820883,10820883
2015.5,"Greece",NA,NA,NA,NA,10798427
2016,"Greece","GR","GRC","2016",10775971,10775971
2016.5,"Greece",NA,NA,NA,NA,10765325
2017,"Greece","GR","GRC","2017",10754679,10754679
2017.5,"Greece",NA,NA,NA,NA,10743780.5
2018,"Greece","GR","GRC","2018",10732882,10732882
2018.5,"Greece",NA,NA,NA,NA,10727232
2019,"Greece","GR","GRC","2019",10721582,10721582
2019.5,"Greece",NA,NA,NA,NA,10710090.5
2020,"Greece","GR","GRC","2020",10698599,10698599
2020.5,"Greece",NA,NA,NA,NA,10633903
2021,"Greece","GR","GRC","2021",10569207,10569207
2021.5,"Greece",NA,NA,NA,NA,10498063
2022,"Greece","GR","GRC","2022",10426919,10426919
2011,"Croatia","HR","HRV","2011",4280622,4280622
2011.5,"Croatia",NA,NA,NA,NA,4274090
2012,"Croatia","HR","HRV","2012",4267558,4267558
2012.5,"Croatia",NA,NA,NA,NA,4261623.5
2013,"Croatia","HR","HRV","2013",4255689,4255689
2013.5,"Croatia",NA,NA,NA,NA,4247039
2014,"Croatia","HR","HRV","2014",4238389,4238389
2014.5,"Croatia",NA,NA,NA,NA,4220996.5
2015,"Croatia","HR","HRV","2015",4203604,4203604
2015.5,"Croatia",NA,NA,NA,NA,4188976.5
2016,"Croatia","HR","HRV","2016",4174349,4174349
2016.5,"Croatia",NA,NA,NA,NA,4149440
2017,"Croatia","HR","HRV","2017",4124531,4124531
2017.5,"Croatia",NA,NA,NA,NA,4106187
2018,"Croatia","HR","HRV","2018",4087843,4087843
2018.5,"Croatia",NA,NA,NA,NA,4076548
2019,"Croatia","HR","HRV","2019",4065253,4065253
2019.5,"Croatia",NA,NA,NA,NA,4056466.5
2020,"Croatia","HR","HRV","2020",4047680,4047680
2020.5,"Croatia",NA,NA,NA,NA,3963340
2021,"Croatia","HR","HRV","2021",3879000,3879000
2021.5,"Croatia",NA,NA,NA,NA,3867300
2022,"Croatia","HR","HRV","2022",3855600,3855600
2022.5,"Croatia",NA,NA,NA,NA,3853247
2023,"Croatia","HR","HRV","2023",3850894,3850894
2011,"Hungary","HU","HUN","2011",9971727,9971727
2011.5,"Hungary",NA,NA,NA,NA,9946044.5
2012,"Hungary","HU","HUN","2012",9920362,9920362
2012.5,"Hungary",NA,NA,NA,NA,9906722
2013,"Hungary","HU","HUN","2013",9893082,9893082
2013.5,"Hungary",NA,NA,NA,NA,9879775
2014,"Hungary","HU","HUN","2014",9866468,9866468
2014.5,"Hungary",NA,NA,NA,NA,9854748
2015,"Hungary","HU","HUN","2015",9843028,9843028
2015.5,"Hungary",NA,NA,NA,NA,9828525.5
2016,"Hungary","HU","HUN","2016",9814023,9814023
2016.5,"Hungary",NA,NA,NA,NA,9800994.5
2017,"Hungary","HU","HUN","2017",9787966,9787966
2017.5,"Hungary",NA,NA,NA,NA,9781765
2018,"Hungary","HU","HUN","2018",9775564,9775564
2018.5,"Hungary",NA,NA,NA,NA,9773352.5
2019,"Hungary","HU","HUN","2019",9771141,9771141
2019.5,"Hungary",NA,NA,NA,NA,9760645
2020,"Hungary","HU","HUN","2020",9750149,9750149
2020.5,"Hungary",NA,NA,NA,NA,9730020
2021,"Hungary","HU","HUN","2021",9709891,9709891
2021.5,"Hungary",NA,NA,NA,NA,9676469.5
2022,"Hungary","HU","HUN","2022",9643048,9643048
2022.5,"Hungary",NA,NA,NA,NA,9621396
2023,"Hungary","HU","HUN","2023",9599744,9599744
2011,"Ireland","IE","IRL","2011",4580084,4580084
2011.5,"Ireland",NA,NA,NA,NA,4589808.5
2012,"Ireland","IE","IRL","2012",4599533,4599533
2012.5,"Ireland",NA,NA,NA,NA,4611674.5
2013,"Ireland","IE","IRL","2013",4623816,4623816
2013.5,"Ireland",NA,NA,NA,NA,4640778
2014,"Ireland","IE","IRL","2014",4657740,4657740
2014.5,"Ireland",NA,NA,NA,NA,4679848.5
2015,"Ireland","IE","IRL","2015",4701957,4701957
2015.5,"Ireland",NA,NA,NA,NA,4728646
2016,"Ireland","IE","IRL","2016",4755335,4755335
2016.5,"Ireland",NA,NA,NA,NA,4781361.5
2017,"Ireland","IE","IRL","2017",4807388,4807388
2017.5,"Ireland",NA,NA,NA,NA,4837352
2018,"Ireland","IE","IRL","2018",4867316,4867316
2018.5,"Ireland",NA,NA,NA,NA,4900828
2019,"Ireland","IE","IRL","2019",4934340,4934340
2019.5,"Ireland",NA,NA,NA,NA,4959861
2020,"Ireland","IE","IRL","2020",4985382,4985382
2020.5,"Ireland",NA,NA,NA,NA,5009273
2021,"Ireland","IE","IRL","2021",5033164,5033164
2021.5,"Ireland",NA,NA,NA,NA,5080167
2022,"Ireland","IE","IRL","2022",5127170,5127170
2022.5,"Ireland",NA,NA,NA,NA,5199282.5
2023,"Ireland","IE","IRL","2023",5271395,5271395
2011,"Italy","IT","ITA","2011",59379449,59379449
2011.5,"Italy",NA,NA,NA,NA,59459583
2012,"Italy","IT","ITA","2012",59539717,59539717
2012.5,"Italy",NA,NA,NA,NA,59886832.5
2013,"Italy","IT","ITA","2013",60233948,60233948
2013.5,"Italy",NA,NA,NA,NA,60511544
2014,"Italy","IT","ITA","2014",60789140,60789140
2014.5,"Italy",NA,NA,NA,NA,60759861
2015,"Italy","IT","ITA","2015",60730582,60730582
2015.5,"Italy",NA,NA,NA,NA,60679040
2016,"Italy","IT","ITA","2016",60627498,60627498
2016.5,"Italy",NA,NA,NA,NA,60582103.5
2017,"Italy","IT","ITA","2017",60536709,60536709
2017.5,"Italy",NA,NA,NA,NA,60479234.5
2018,"Italy","IT","ITA","2018",60421760,60421760
2018.5,"Italy",NA,NA,NA,NA,60075420.5
2019,"Italy","IT","ITA","2019",59729081,59729081
2019.5,"Italy",NA,NA,NA,NA,59583966
2020,"Italy","IT","ITA","2020",59438851,59438851
2020.5,"Italy",NA,NA,NA,NA,59286012
2021,"Italy","IT","ITA","2021",59133173,59133173
2021.5,"Italy",NA,NA,NA,NA,59036799
2022,"Italy","IT","ITA","2022",58940425,58940425
2022.5,"Italy",NA,NA,NA,NA,58968813
2023,"Italy","IT","ITA","2023",58997201,58997201
2011,"Lithuania","LT","LTU","2011",3028115,3028115
2011.5,"Lithuania",NA,NA,NA,NA,3007944
2012,"Lithuania","LT","LTU","2012",2987773,2987773
2012.5,"Lithuania",NA,NA,NA,NA,2972731
2013,"Lithuania","LT","LTU","2013",2957689,2957689
2013.5,"Lithuania",NA,NA,NA,NA,2945028
2014,"Lithuania","LT","LTU","2014",2932367,2932367
2014.5,"Lithuania",NA,NA,NA,NA,2918638.5
2015,"Lithuania","LT","LTU","2015",2904910,2904910
2015.5,"Lithuania",NA,NA,NA,NA,2886570.5
2016,"Lithuania","LT","LTU","2016",2868231,2868231
2016.5,"Lithuania",NA,NA,NA,NA,2848317
2017,"Lithuania","LT","LTU","2017",2828403,2828403
2017.5,"Lithuania",NA,NA,NA,NA,2814973
2018,"Lithuania","LT","LTU","2018",2801543,2801543
2018.5,"Lithuania",NA,NA,NA,NA,2797840
2019,"Lithuania","LT","LTU","2019",2794137,2794137
2019.5,"Lithuania",NA,NA,NA,NA,2794511
2020,"Lithuania","LT","LTU","2020",2794885,2794885
2020.5,"Lithuania",NA,NA,NA,NA,2797862
2021,"Lithuania","LT","LTU","2021",2800839,2800839
2021.5,"Lithuania",NA,NA,NA,NA,2816239
2022,"Lithuania","LT","LTU","2022",2831639,2831639
2022.5,"Lithuania",NA,NA,NA,NA,2844459
2023,"Lithuania","LT","LTU","2023",2857279,2857279
2011,"Luxembourg","LU","LUX","2011",518347,518347
2011.5,"Luxembourg",NA,NA,NA,NA,524646.5
2012,"Luxembourg","LU","LUX","2012",530946,530946
2012.5,"Luxembourg",NA,NA,NA,NA,537153
2013,"Luxembourg","LU","LUX","2013",543360,543360
2013.5,"Luxembourg",NA,NA,NA,NA,549839.5
2014,"Luxembourg","LU","LUX","2014",556319,556319
2014.5,"Luxembourg",NA,NA,NA,NA,562961.5
2015,"Luxembourg","LU","LUX","2015",569604,569604
2015.5,"Luxembourg",NA,NA,NA,NA,575809
2016,"Luxembourg","LU","LUX","2016",582014,582014
2016.5,"Luxembourg",NA,NA,NA,NA,589175
2017,"Luxembourg","LU","LUX","2017",596336,596336
2017.5,"Luxembourg",NA,NA,NA,NA,602143
2018,"Luxembourg","LU","LUX","2018",607950,607950
2018.5,"Luxembourg",NA,NA,NA,NA,613975.5
2019,"Luxembourg","LU","LUX","2019",620001,620001
2019.5,"Luxembourg",NA,NA,NA,NA,625210
2020,"Luxembourg","LU","LUX","2020",630419,630419
2020.5,"Luxembourg",NA,NA,NA,NA,635241.5
2021,"Luxembourg","LU","LUX","2021",640064,640064
2021.5,"Luxembourg",NA,NA,NA,NA,646583.5
2022,"Luxembourg","LU","LUX","2022",653103,653103
2022.5,"Luxembourg",NA,NA,NA,NA,656956
2023,"Luxembourg","LU","LUX","2023",660809,660809
2011,"Latvia","LV","LVA","2011",2059709,2059709
2011.5,"Latvia",NA,NA,NA,NA,2047014
2012,"Latvia","LV","LVA","2012",2034319,2034319
2012.5,"Latvia",NA,NA,NA,NA,2023483
2013,"Latvia","LV","LVA","2013",2012647,2012647
2013.5,"Latvia",NA,NA,NA,NA,2003214.5
2014,"Latvia","LV","LVA","2014",1993782,1993782
2014.5,"Latvia",NA,NA,NA,NA,1985654.5
2015,"Latvia","LV","LVA","2015",1977527,1977527
2015.5,"Latvia",NA,NA,NA,NA,1968532
2016,"Latvia","LV","LVA","2016",1959537,1959537
2016.5,"Latvia",NA,NA,NA,NA,1950892.5
2017,"Latvia","LV","LVA","2017",1942248,1942248
2017.5,"Latvia",NA,NA,NA,NA,1934711
2018,"Latvia","LV","LVA","2018",1927174,1927174
2018.5,"Latvia",NA,NA,NA,NA,1920498
2019,"Latvia","LV","LVA","2019",1913822,1913822
2019.5,"Latvia",NA,NA,NA,NA,1907135.5
2020,"Latvia","LV","LVA","2020",1900449,1900449
2020.5,"Latvia",NA,NA,NA,NA,1892469.5
2021,"Latvia","LV","LVA","2021",1884490,1884490
2021.5,"Latvia",NA,NA,NA,NA,1881936.5
2022,"Latvia","LV","LVA","2022",1879383,1879383
2022.5,"Latvia",NA,NA,NA,NA,1881195.5
2023,"Latvia","LV","LVA","2023",1883008,1883008
2011,"Malta","MT","MLT","2011",416268,416268
2011.5,"Malta",NA,NA,NA,NA,418148
2012,"Malta","MT","MLT","2012",420028,420028
2012.5,"Malta",NA,NA,NA,NA,422997.5
2013,"Malta","MT","MLT","2013",425967,425967
2013.5,"Malta",NA,NA,NA,NA,430262.5
2014,"Malta","MT","MLT","2014",434558,434558
2014.5,"Malta",NA,NA,NA,NA,439805.5
2015,"Malta","MT","MLT","2015",445053,445053
2015.5,"Malta",NA,NA,NA,NA,450204.5
2016,"Malta","MT","MLT","2016",455356,455356
2016.5,"Malta",NA,NA,NA,NA,461677.5
2017,"Malta","MT","MLT","2017",467999,467999
2017.5,"Malta",NA,NA,NA,NA,476314.5
2018,"Malta","MT","MLT","2018",484630,484630
2018.5,"Malta",NA,NA,NA,NA,494346
2019,"Malta","MT","MLT","2019",504062,504062
2019.5,"Malta",NA,NA,NA,NA,509697
2020,"Malta","MT","MLT","2020",515332,515332
2020.5,"Malta",NA,NA,NA,NA,516934
2021,"Malta","MT","MLT","2021",518536,518536
2021.5,"Malta",NA,NA,NA,NA,524824.5
2022,"Malta","MT","MLT","2022",531113,531113
2022.5,"Malta",NA,NA,NA,NA,536582
2023,"Malta","MT","MLT","2023",542051,542051
2011,"Netherlands","NL","NLD","2011",16693074,16693074
2011.5,"Netherlands",NA,NA,NA,NA,16724018
2012,"Netherlands","NL","NLD","2012",16754962,16754962
2012.5,"Netherlands",NA,NA,NA,NA,16779697
2013,"Netherlands","NL","NLD","2013",16804432,16804432
2013.5,"Netherlands",NA,NA,NA,NA,16834720
2014,"Netherlands","NL","NLD","2014",16865008,16865008
2014.5,"Netherlands",NA,NA,NA,NA,16902465.5
2015,"Netherlands","NL","NLD","2015",16939923,16939923
2015.5,"Netherlands",NA,NA,NA,NA,16985118.5
2016,"Netherlands","NL","NLD","2016",17030314,17030314
2016.5,"Netherlands",NA,NA,NA,NA,17080805
2017,"Netherlands","NL","NLD","2017",17131296,17131296
2017.5,"Netherlands",NA,NA,NA,NA,17181460
2018,"Netherlands","NL","NLD","2018",17231624,17231624
2018.5,"Netherlands",NA,NA,NA,NA,17288249
2019,"Netherlands","NL","NLD","2019",17344874,17344874
2019.5,"Netherlands",NA,NA,NA,NA,17393187
2020,"Netherlands","NL","NLD","2020",17441500,17441500
2020.5,"Netherlands",NA,NA,NA,NA,17487272
2021,"Netherlands","NL","NLD","2021",17533044,17533044
2021.5,"Netherlands",NA,NA,NA,NA,17617013
2022,"Netherlands","NL","NLD","2022",17700982,17700982
2022.5,"Netherlands",NA,NA,NA,NA,17756136.5
2023,"Netherlands","NL","NLD","2023",17811291,17811291
2011,"Poland","PL","POL","2011",38063255,38063255
2011.5,"Poland",NA,NA,NA,NA,38063209.5
2012,"Poland","PL","POL","2012",38063164,38063164
2012.5,"Poland",NA,NA,NA,NA,38051680
2013,"Poland","PL","POL","2013",38040196,38040196
2013.5,"Poland",NA,NA,NA,NA,38025965.5
2014,"Poland","PL","POL","2014",38011735,38011735
2014.5,"Poland",NA,NA,NA,NA,37999073.5
2015,"Poland","PL","POL","2015",37986412,37986412
2015.5,"Poland",NA,NA,NA,NA,37978249.5
2016,"Poland","PL","POL","2016",37970087,37970087
2016.5,"Poland",NA,NA,NA,NA,37972456.5
2017,"Poland","PL","POL","2017",37974826,37974826
2017.5,"Poland",NA,NA,NA,NA,37974788
2018,"Poland","PL","POL","2018",37974750,37974750
2018.5,"Poland",NA,NA,NA,NA,37970112.5
2019,"Poland","PL","POL","2019",37965475,37965475
2019.5,"Poland",NA,NA,NA,NA,37932272.5
2020,"Poland","PL","POL","2020",37899070,37899070
2020.5,"Poland",NA,NA,NA,NA,37823097
2021,"Poland","PL","POL","2021",37747124,37747124
2021.5,"Poland",NA,NA,NA,NA,37284436.5
2022,"Poland","PL","POL","2022",36821749,36821749
2022.5,"Poland",NA,NA,NA,NA,36787742.5
2023,"Poland","PL","POL","2023",36753736,36753736
2011,"Portugal","PT","PRT","2011",10557560,10557560
2011.5,"Portugal",NA,NA,NA,NA,10536202
2012,"Portugal","PT","PRT","2012",10514844,10514844
2012.5,"Portugal",NA,NA,NA,NA,10486069.5
2013,"Portugal","PT","PRT","2013",10457295,10457295
2013.5,"Portugal",NA,NA,NA,NA,10429178.5
2014,"Portugal","PT","PRT","2014",10401062,10401062
2014.5,"Portugal",NA,NA,NA,NA,10379569
2015,"Portugal","PT","PRT","2015",10358076,10358076
2015.5,"Portugal",NA,NA,NA,NA,10341764
2016,"Portugal","PT","PRT","2016",10325452,10325452
2016.5,"Portugal",NA,NA,NA,NA,10312876
2017,"Portugal","PT","PRT","2017",10300300,10300300
2017.5,"Portugal",NA,NA,NA,NA,10292061
2018,"Portugal","PT","PRT","2018",10283822,10283822
2018.5,"Portugal",NA,NA,NA,NA,10285042.5
2019,"Portugal","PT","PRT","2019",10286263,10286263
2019.5,"Portugal",NA,NA,NA,NA,10291672
2020,"Portugal","PT","PRT","2020",10297081,10297081
2020.5,"Portugal",NA,NA,NA,NA,10329456
2021,"Portugal","PT","PRT","2021",10361831,10361831
2021.5,"Portugal",NA,NA,NA,NA,10385767.5
2022,"Portugal","PT","PRT","2022",10409704,10409704
2022.5,"Portugal",NA,NA,NA,NA,10438535
2023,"Portugal","PT","PRT","2023",10467366,10467366
2011,"Romania","RO","ROU","2011",20147528,20147528
2011.5,"Romania",NA,NA,NA,NA,20102781.5
2012,"Romania","RO","ROU","2012",20058035,20058035
2012.5,"Romania",NA,NA,NA,NA,20020864
2013,"Romania","RO","ROU","2013",19983693,19983693
2013.5,"Romania",NA,NA,NA,NA,19946336
2014,"Romania","RO","ROU","2014",19908979,19908979
2014.5,"Romania",NA,NA,NA,NA,19862297.5
2015,"Romania","RO","ROU","2015",19815616,19815616
2015.5,"Romania",NA,NA,NA,NA,19758941.5
2016,"Romania","RO","ROU","2016",19702267,19702267
2016.5,"Romania",NA,NA,NA,NA,19645491
2017,"Romania","RO","ROU","2017",19588715,19588715
2017.5,"Romania",NA,NA,NA,NA,19531342.5
2018,"Romania","RO","ROU","2018",19473970,19473970
2018.5,"Romania",NA,NA,NA,NA,19422809
2019,"Romania","RO","ROU","2019",19371648,19371648
2019.5,"Romania",NA,NA,NA,NA,19318449
2020,"Romania","RO","ROU","2020",19265250,19265250
2020.5,"Romania",NA,NA,NA,NA,19193654.5
2021,"Romania","RO","ROU","2021",19122059,19122059
2021.5,"Romania",NA,NA,NA,NA,19084534
2022,"Romania","RO","ROU","2022",19047009,19047009
2022.5,"Romania",NA,NA,NA,NA,19050778.5
2023,"Romania","RO","ROU","2023",19054548,19054548
2011,"Slovakia","SK","SVK","2011",5398384,5398384
2011.5,"Slovakia",NA,NA,NA,NA,5402981.5
2012,"Slovakia","SK","SVK","2012",5407579,5407579
2012.5,"Slovakia",NA,NA,NA,NA,5410486
2013,"Slovakia","SK","SVK","2013",5413393,5413393
2013.5,"Slovakia",NA,NA,NA,NA,5416021
2014,"Slovakia","SK","SVK","2014",5418649,5418649
2014.5,"Slovakia",NA,NA,NA,NA,5421225
2015,"Slovakia","SK","SVK","2015",5423801,5423801
2015.5,"Slovakia",NA,NA,NA,NA,5427299.5
2016,"Slovakia","SK","SVK","2016",5430798,5430798
2016.5,"Slovakia",NA,NA,NA,NA,5435015
2017,"Slovakia","SK","SVK","2017",5439232,5439232
2017.5,"Slovakia",NA,NA,NA,NA,5443001.5
2018,"Slovakia","SK","SVK","2018",5446771,5446771
2018.5,"Slovakia",NA,NA,NA,NA,5450459
2019,"Slovakia","SK","SVK","2019",5454147,5454147
2019.5,"Slovakia",NA,NA,NA,NA,5456487
2020,"Slovakia","SK","SVK","2020",5458827,5458827
2020.5,"Slovakia",NA,NA,NA,NA,5453037
2021,"Slovakia","SK","SVK","2021",5447247,5447247
2021.5,"Slovakia",NA,NA,NA,NA,5439499.5
2022,"Slovakia","SK","SVK","2022",5431752,5431752
2022.5,"Slovakia",NA,NA,NA,NA,5430272
2023,"Slovakia","SK","SVK","2023",5428792,5428792
2011,"Slovenia","SI","SVN","2011",2052843,2052843
2011.5,"Slovenia",NA,NA,NA,NA,2055001
2012,"Slovenia","SI","SVN","2012",2057159,2057159
2012.5,"Slovenia",NA,NA,NA,NA,2058556
2013,"Slovenia","SI","SVN","2013",2059953,2059953
2013.5,"Slovenia",NA,NA,NA,NA,2060966.5
2014,"Slovenia","SI","SVN","2014",2061980,2061980
2014.5,"Slovenia",NA,NA,NA,NA,2062755.5
2015,"Slovenia","SI","SVN","2015",2063531,2063531
2015.5,"Slovenia",NA,NA,NA,NA,2064286.5
2016,"Slovenia","SI","SVN","2016",2065042,2065042
2016.5,"Slovenia",NA,NA,NA,NA,2065715
2017,"Slovenia","SI","SVN","2017",2066388,2066388
2017.5,"Slovenia",NA,NA,NA,NA,2070141
2018,"Slovenia","SI","SVN","2018",2073894,2073894
2018.5,"Slovenia",NA,NA,NA,NA,2081139.5
2019,"Slovenia","SI","SVN","2019",2088385,2088385
2019.5,"Slovenia",NA,NA,NA,NA,2095402
2020,"Slovenia","SI","SVN","2020",2102419,2102419
2020.5,"Slovenia",NA,NA,NA,NA,2105249
2021,"Slovenia","SI","SVN","2021",2108079,2108079
2021.5,"Slovenia",NA,NA,NA,NA,2110032.5
2022,"Slovenia","SI","SVN","2022",2111986,2111986
2022.5,"Slovenia",NA,NA,NA,NA,2114479
2023,"Slovenia","SI","SVN","2023",2116972,2116972
2011,"Sweden","SE","SWE","2011",9449213,9449213
2011.5,"Sweden",NA,NA,NA,NA,9484293.5
2012,"Sweden","SE","SWE","2012",9519374,9519374
2012.5,"Sweden",NA,NA,NA,NA,9559876.5
2013,"Sweden","SE","SWE","2013",9600379,9600379
2013.5,"Sweden",NA,NA,NA,NA,9648244.5
2014,"Sweden","SE","SWE","2014",9696110,9696110
2014.5,"Sweden",NA,NA,NA,NA,9747648
2015,"Sweden","SE","SWE","2015",9799186,9799186
2015.5,"Sweden",NA,NA,NA,NA,9861135.5
2016,"Sweden","SE","SWE","2016",9923085,9923085
2016.5,"Sweden",NA,NA,NA,NA,9990391.5
2017,"Sweden","SE","SWE","2017",10057698,10057698
2017.5,"Sweden",NA,NA,NA,NA,10116456
2018,"Sweden","SE","SWE","2018",10175214,10175214
2018.5,"Sweden",NA,NA,NA,NA,10227050.5
2019,"Sweden","SE","SWE","2019",10278887,10278887
2019.5,"Sweden",NA,NA,NA,NA,10316164.5
2020,"Sweden","SE","SWE","2020",10353442,10353442
2020.5,"Sweden",NA,NA,NA,NA,10384626.5
2021,"Sweden","SE","SWE","2021",10415811,10415811
2021.5,"Sweden",NA,NA,NA,NA,10451376
2022,"Sweden","SE","SWE","2022",10486941,10486941
2022.5,"Sweden",NA,NA,NA,NA,10504248.5
2023,"Sweden","SE","SWE","2023",10521556,10521556
